null,1.234
gulia.peito,944.270
steeminator3000,3789.480
afrinsultana,3066.940
kalvas,5606.960
frankches,3.080
elias15g,803.670
jferdous,47.060
shuvo35,893.820
yann0975,1682.520
silentscreamer,2012.150
flauwy,4135.130
cleanplanet,2840.980
rehan12,5382.810
certain,3042.700
freecrypto,3049.670
jonsnow1983,750.470
ezzy,1173.750
secretman02,1503.470
emiliomorles,2603.990
yanirauseche,2416.350
secretman,246.060
acidyo,13630.580
jodipamungkas,8985.760
cryptospa,6203.850
erick1,612.270
jeronimorubio,8770.280
surpassinggoogle,5425.700
hightouch,772.340
hafizullah,6712.740
intrepidsurfer,8571.810
reseller,8789.280
hmetu,2896.400
thejohalfiles,51487.320
elsiekjay,9896.870
joythewanderer,10004.480
teamhumble,4110.170
teamvideo,243.760
rbbeachdesigns,3.830
jeffjagoe,2724.980
knowhow92,6546.010
dontstopmenow,3698.690
maneco64,4273.190
nannal,152.580
rongibsonchannel,1233.810
dotwin1981,47.400
acromott,4525.590
hauptmann,6911.000
dtube.forum,4491.080
elmetro,118.160
txmek,457.960
panza,13.520
mvd,8540.690
dreamrafa,318.020
zuma,1305.040
freedompoint,7931.950
snmelinger,88.540
emeeseese,2.940
phoneinf,10481.200
tibfox,2805.850
bert0,222.490
memeteca,2.470
tresor,39.310
whalestrail,17.310
atnazo,5187.500
nonsowrites,2409.820
exyle,17125.580
travelgirl,2982.190
technologix,40.970
devtheconnector,25.230
dirapa,4446.780
newsnownorthwest,109.610
josediccus,5367.930
techcoderx,944.320
onelovedtube,1038.210
onelovecuration,25.010
onelove.curation,17.690
priyanarc,9877.230
old-guy-photos,5177.130
sketch.and.jam,1931.910
c-libertarian,201.590
scottcbusiness,5509.370
ten-years-before,195.580
neopch,2150.880
akioexzgamer,1.640
baiboua,43.070
bobaphet,1819.380
french-tech,1.340
imtase,3.110
fivefiveeleven,1175.130
luckyali,24.310
nalexadre,11.770
anggreklestari,2214.670
steementertainer,13.280
captainbob,4614.430
randomvlogs,0.180
buttcoins,1782.430
erode,1210.050
alokkumar121,2974.120
sharmlock,1523.210
olaexcel,213.010
alexran,1194.670
mamun123456,1380.750
kaerpediem,2644.570
steemersayu907,2383.240
elizibar,479.940
jozef230,1714.250
katerinaramm,51.150
romafedorov,5898.480
nerdtopiade,198.160
ash,608.730
d00k13,4500.490
bluemist,136.620
daeshim,137.750
nicolcron,1224.790
sasaadrian,2651.400
maciejficek,1.100
namiks,93.830
morahn,3.120
anderssinho,1.290
mdaminulislam,1932.480
davidke20,472.230
dailyke20,62.950
larsito,151.190
nikoleondas,1.740
trumpman,114.560
ashikstd,1048.130
engrsayful,914.830
zahidsun,758.020
damla,21.020
dikayskate,262.790
chesatochi,4058.840
byercatire,11.280
kevinli,3632.130
strawhat,988.520
madushanka,4800.120
neladepablos,669.670
emilymoon,16.830
mes,1224.370
firayumni,347.350
cryptoyzzy,543.500
prc,114.730
dsound,307.370
magnat,7.550
bitrocker2020,10147.510
elizacheng,1276.720
joannewong,937.100
aaronleang,246.920
bboyady,62.740
yusmi,221.140
rolrien,4.340
greencross,1631.130
rt-international,4138.130
matimees,0.210
alvinauh,13.300
redonkulas13,3.110
redonkulas12,24.830
fernando.lubezki,267.670
molometer,1046.640
brianphobos,690.650
lecharles,3.260
harshilpatel,12332.350
roshansuares,694.690
tanbay,11140.370
mondoshawan,76.930
piotrgrafik,2204.690
paulag,1298.810
paulmoon410,7.520
rollsman,2.840
putu300,294.650
cranium,548.490
gaborockstar,3758.260
vaderetro,1061.490
danmaruschak,3158.510
ahmadmanga,1.940
davixesk8,1884.420
retrocommodore,600.420
abh12345,1698.780
adetorrent,5928.830
alphasteem,2349.150
emsonic,4330.210
mark0318,414.120
inertia,225.290
k-banti,173.590
cahlen,459.860
blind-spot,2157.210
memoryleakdeath,1289.910
kenanqhd,1533.010
skylinebuds,1.650
cammygrillz,0.970
raj808,748.120
gitchemanitou,12.330
aschatria,3.290
mikesatoshi,18.710
edprivat,782.060
buzzer11,22.910
ds-tech,121.380
alexjay,196.550
cesarmorles,0.810
triority,9.430
jplaughing,9.390
lorenzopistolesi,1234.480
kemal13,213.830
rezoanulvibes,24.780
edgarsart,1955.170
lifeskills-tv,200.310
eastmael,14.840
ivansnz,5072.580
roneyim,0.360
sergiomendes,6213.940
birdelifurki,277.090
karensuestudios,3636.380
polebird,1862.080
french.fyde,161.400
fatherfaith,2.980
usman93,49.610
nicolasdosse,217.980
ela.muds,217.740
anthonyadavisii,465.960
phillarecette,0.880
for91days,2466.670
glitterfart,17229.500
kus-knee,999.000
rahulsingh,1.660
javirid,4.900
thesky,355.750
duckmast3r,42.730
uwelang,1299.990
ourhappyplace,582.980
toffer,187.780
zakugames,492.460
bdvoter.cur,75.180
neoxian-city,717.290
zaku,802.430
fahimchowdhury,774.490
tamiil,701.040
apix,18.680
rana2423,2620.240
clixmoney,10154.250
vaultec,307.760
anomadsoul,4866.530
ryodragoon,20.650
voltagrou,1.210
mspbro,905.470
ridoykhan22,952.510
lymmerik,0.450
demotruk,434.230
qwerrie,1.440
cryptobdschool,216.850
rcshad0w,116.930
rozioo,3020.850
jaybird,5415.160
jeremycrow,8.070
lionsaturbix,0.100
xr-hammergaming,6127.480
siavach,278.130
kingscrown,2380.920
flaxz,846.480
aularluis,7.570
ribalinux,591.470
ashtv,1661.920
steemer-sayu907,1148.510
ace108,1334.980
bryandivisions,820.020
orkin420,15.650
reiseamateur,116.540
bharath-raj-m,117.310
cinemawalken,0.060
samstonehill,407.960
spectrumecons,1286.600
giostrus,29.290
illusivelf,31.230
littlenewthings,51.100
jjprac,31.840
ladyofliberty,43.890
nadhora,0.340
sudutpandang,197.480
camuel,1947.990
burn-it-down,639.380
walterprofe,191.050
komentator,0.400
prettysnake,1.120
koment,0.370